<?xml version="1.0" encoding="UTF-8"?>
<entity-mappings xmlns="https://jakarta.ee/xml/ns/persistence/orm"
                 version="3.0">

    <entity class="com.example.lab5678.model.Lop">
        <table name="lop" schema="dbo" catalog="DB2"/>
        <attributes>
            <id name="id">
                <column name="id" precision="-1"/>
            </id>
            <basic name="maLop">
                <column name="ma_lop" nullable="false"/>
            </basic>
            <basic name="tenLop">
                <column name="ten_lop" nullable="false"/>
            </basic>
            <basic name="idNganh">
                <column name="id_nganh" nullable="false" precision="-1"/>
            </basic>
            <basic name="trangThai">
                <column name="trang_thai" nullable="false" length="50"/>
            </basic>
        </attributes>
    </entity>
    <entity class="com.example.lab5678.model.ChuyenNganh">
        <table name="chuyen_nganh" schema="dbo" catalog="DB2"/>
        <attributes>
            <id name="id">
                <column name="id" precision="-1"/>
            </id>
            <basic name="maNganh">
                <column name="ma_nganh" nullable="false"/>
            </basic>
            <basic name="tenNganh">
                <column name="ten_nganh" nullable="false"/>
            </basic>
            <basic name="trangThai">
                <column name="trang_thai" nullable="false" length="50"/>
            </basic>
        </attributes>
    </entity>
</entity-mappings>
