<?xml version="1.0" encoding="UTF-8"?>
<entity-mappings xmlns="https://jakarta.ee/xml/ns/persistence/orm"
                 version="3.0">

    <entity class="model.ChiTietSanPham">
        <table name="ctsp" schema="dbo" catalog="ASM_Java4_Thanhhhph40692"/>
        <attributes>
            <id name="id">
                <column name="id" precision="-1"/>
            </id>
            <basic name="idSp">
                <column name="id_sp" nullable="false" precision="-1"/>
            </basic>
            <basic name="idMauSac">
                <column name="id_mau_sac" nullable="false" precision="-1"/>
            </basic>
            <basic name="idSize">
                <column name="id_size" nullable="false" precision="-1"/>
            </basic>
            <basic name="giaBan">
                <column name="gia_ban" nullable="false" precision="2"/>
            </basic>
            <basic name="soLuongTon">
                <column name="so_luong_ton" nullable="false" precision="-1"/>
            </basic>
            <basic name="trangThai">
                <column name="trang_thai" nullable="false" length="50"/>
            </basic>
            <basic name="ngayTao">
                <column name="ngay_tao" nullable="false" precision="-1"/>
            </basic>
            <basic name="ngaySua">
                <column name="ngay_sua" nullable="false" precision="-1"/>
            </basic>
        </attributes>
    </entity>
</entity-mappings>
