<?xml version="1.0" encoding="UTF-8"?>
<entity-mappings xmlns="https://jakarta.ee/xml/ns/persistence/orm"
                 version="3.0">

    <entity class="model.HoaDon">
        <table name="hoa_don" schema="dbo" catalog="ASM_Java4_Thanhhhph40692"/>
        <attributes>
            <id name="id">
                <column name="id" precision="-1"/>
            </id>
            <basic name="idKhachHang">
                <column name="id_khach_hang" nullable="false" precision="-1"/>
            </basic>
            <basic name="trangThai">
                <column name="trang_thai" nullable="false" length="50"/>
            </basic>
            <basic name="ngayTao">
                <column name="ngay_tao" nullable="false" precision="-1"/>
            </basic>
            <basic name="ngaySua">
                <column name="ngay_sua" nullable="false" precision="-1"/>
            </basic>
            <basic name="diaChi">
                <column name="dia_chi" nullable="false"/>
            </basic>
            <basic name="soDienThoai">
                <column name="so_dien_thoai" nullable="false" length="20"/>
            </basic>
        </attributes>
    </entity>
</entity-mappings>
