<?xml version="1.0" encoding="UTF-8"?>
<entity-mappings xmlns="https://jakarta.ee/xml/ns/persistence/orm"
                 version="3.0">

    <entity class="model.HoaDonChiTiet">
        <table name="hdct" schema="dbo" catalog="ASM_Java4_Thanhhhph40692"/>
        <attributes>
            <id name="id">
                <column name="id" precision="-1"/>
            </id>
            <basic name="idHoaDon">
                <column name="id_hoa_don" nullable="false" precision="-1"/>
            </basic>
            <basic name="idCtsp">
                <column name="id_ctsp" nullable="false" precision="-1"/>
            </basic>
            <basic name="soLuongMua">
                <column name="so_luong_mua" nullable="false" precision="-1"/>
            </basic>
            <basic name="giaBan">
                <column name="gia_ban" nullable="false" precision="2"/>
            </basic>
            <basic name="tongTien">
                <column name="tong_tien" nullable="false" precision="2"/>
            </basic>
            <basic name="trangThai">
                <column name="trang_thai" nullable="false" length="50"/>
            </basic>
            <basic name="ngayTao">
                <column name="ngay_tao" nullable="false" precision="-1"/>
            </basic>
            <basic name="ngaySua">
                <column name="ngay_sua" nullable="false" precision="-1"/>
            </basic>
        </attributes>
    </entity>
</entity-mappings>
