<?xml version="1.0" encoding="UTF-8"?>
<entity-mappings xmlns="https://jakarta.ee/xml/ns/persistence/orm"
                 version="3.0">

    <entity class="model.SanPham">
        <table name="san_pham" schema="dbo" catalog="ASM_Java4_Thanhhhph40692"/>
        <attributes>
            <id name="id">
                <column name="id" precision="-1"/>
            </id>
            <basic name="maSanPham">
                <column name="ma_san_pham" nullable="false"/>
            </basic>
            <basic name="tenSanPham">
                <column name="ten_san_pham" nullable="false"/>
            </basic>
            <basic name="trangThai">
                <column name="trang_thai" nullable="false" length="50"/>
            </basic>
            <basic name="ngayTao">
                <column name="ngay_tao" nullable="false" precision="-1"/>
            </basic>
            <basic name="ngaySua">
                <column name="ngay_sua" nullable="false" precision="-1"/>
            </basic>
            <basic name="idDanhMuc">
                <column name="id_danh_muc" nullable="false" precision="-1"/>
            </basic>
        </attributes>
    </entity>
</entity-mappings>
